# familyName	displayItemId	memberItemIds	memberLabels
Ardougne cloaks (2 has 3 teleports to farm, 3 has 5 teleports to farm, 4 has unlimited teleports to farm) PS: varbit 6069 is only lowbits, highbits is not transmitted	13121	13121,13122,13123,13124,20760	13121=Ardougne cloak,13122=Ardougne cloak,13123=Ardougne cloak,13124=Ardougne cloak,20760=Ardougne cloak
Karamja gloves	11140	11140,13103	11140=Karamja gloves,13103=Karamja gloves 4
Desert amulets (2 and 3 have one teleport per day, 4 is unlimited)	13134	13134,13135,13136	13134=Desert amulet 3,13135=Desert amulet 3,13136=Desert amulet 4
Morytania legs (1 has 2 teleports per day to slime, 2 and 3 have 5 teleports per day to slime, 4 is unlimited)	13112	13112,13113,13114,13115	13112=Morytania legs,13113=Morytania legs,13114=Morytania legs,13115=Morytania legs
Fremennik sea boots (1 has 1, 2 has 3, 3 has 5 teleports per day, 4 is unlimited)	13129	13129,13130,13131,13132	13129=Fremennik sea boots,13130=Fremennik sea boots,13131=Fremennik sea boots,13132=Fremennik sea boots
Kandarin headgear (3 has 1 teleport per day, 4 is unlimited)	13139	13139,13140	13139=Kandarin headgear 3,13140=Kandarin headgear 4
Wilderness sword (3 has 1 teleport per day, 4 is unlimited)	13110	13110,13111	13110=Wilderness sword 3,13111=Wilderness sword 4
Western banner (3 has 1 teleport per day, 4 is unlimited)	13143	13143,13144	13143=Western banner 3,13144=Western banner 4
Explorer's ring (2 has 3 teleports per day, 3 and 4 are unlimited)	13126	13126,13127,13128	13126=Explorer's ring 2,13127=Explorer's ring,13128=Explorer's ring
Rada's blessing (Kourend Woodland, 1 has 3 teleports, 2 has 5 teleports, 3 and 4 have unlimited. For Mount Karuulum, 3 has 3 teleports and 4 has unlimited)	22941	22941,22943,22945,22947	22941=Rada's blessing,22943=Rada's blessing,22945=Rada's blessing,22947=Rada's blessing
Games necklace	3853	3853,3855,3857,3859,3861,3863,3865,3867	3853=Games necklace,3855=Games necklace,3857=Games necklace,3859=Games necklace,3861=Games necklace,3863=Games necklace,3865=Games necklace,3867=Games necklace
Ring of dueling (1-8). Fortis Colosseum 12000 glory unlock is now estimated based on highest wave	2552	2552,2554,2556,2558,2560,2562,2564,2566	2552=Ring of dueling,2554=Ring of dueling,2556=Ring of dueling,2558=Ring of dueling,2560=Ring of dueling,2562=Ring of dueling,2564=Ring of dueling,2566=Ring of dueling
Combat bracelet (1-6) (uncharged is 11126)	11118	11118,11120,11122,11124,11972,11974	11118=Combat bracelet,11120=Combat bracelet,11122=Combat bracelet,11124=Combat bracelet,11972=Combat bracelet,11974=Combat bracelet
Skills necklace (1-6) (uncharged is 11113)	11105	11105,11107,11109,11111,11968,11970	11105=Skills necklace,11107=Skills necklace,11109=Skills necklace,11111=Skills necklace,11968=Skills necklace,11970=Skills necklace
Amulet of glory (1-6, 1t-6t) (uncharged is 1704, trimmed 10362)	1706	1706,1708,1710,1712,10354,10356,10358,10360,11964,11966,11976,11978	1706=Amulet of glory,1708=Amulet of glory,1710=Amulet of glory,1712=Amulet of glory,10354=Amulet of glory,10356=Amulet of glory,10358=Amulet of glory,10360=Amulet of glory,11964=Amulet of glory,11966=Amulet of glory,11976=Amulet of glory,11978=Amulet of glory
Amulet of eternal glory	19707	19707	19707=Amulet of glory
Ring of wealth (1-5, 1i-5i) (uncharged is 2572, trimmed 12785)	11980	11980,11982,11984,11986,11988,20786,20787,20788,20789,20790	11980=Ring of wealth,11982=Ring of wealth,11984=Ring of wealth,11986=Ring of wealth,11988=Ring of wealth,20786=Ring of wealth,20787=Ring of wealth,20788=Ring of wealth,20789=Ring of wealth,20790=Ring of wealth
Slayer ring (1-8)	11866	11866,11867,11868,11869,11870,11871,11872,11873	11866=Slayer ring,11867=Slayer ring,11868=Slayer ring,11869=Slayer ring,11870=Slayer ring,11871=Slayer ring,11872=Slayer ring,11873=Slayer ring
Slayer ring (eternal)	21268	21268	21268=Slayer ring
Digsite pendant (can't find a varbit for the other location's activation)	11190	11190,11191,11192,11193,11194	11190=Digsite pendant,11191=Digsite pendant,11192=Digsite pendant,11193=Digsite pendant,11194=Digsite pendant
Necklace of passage (1-5)	21146	21146,21149,21151,21153,21155	21146=Necklace of passage,21149=Necklace of passage,21151=Necklace of passage,21153=Necklace of passage,21155=Necklace of passage
Burning amulet	21166	21166,21169,21171,21173,21175	21166=Burning amulet,21169=Burning amulet,21171=Burning amulet,21173=Burning amulet,21175=Burning amulet
Teleport to house (tablet) - These depend on the current player's home location, determined by varbit 2187, and teleport inside or outside determined by varbit 4744	8013	8013	8013=Teleport to House tablet (Outside)
Teleport tablets	8007	8007,8008,8009,8010,8011,8012,11741,11742,11743,11744,11745,11746,11747,12775,12776,12777,12778,12779,12780,12781,12782,19613,19615,19617,19619,19621,19623,19625,19627,19629,19631,19651,21541,22949,23771,24251,24949,24951,24953,24955,24957,24959,24961,24963	8007=Varrock tablet,8008=Lumbridge tablet,8009=Falador tablet,8010=Camelot tablet,8011=Ardougne tablet,8012=Watchtower tablet,11741=Rimmington tablet,11742=Taverley tablet,11743=Pollnivneach tablet,11744=Rellekka tablet,11745=Brimhaven tablet,11746=Yanille tablet,11747=Trollheim tablet,12775=Annakarl tablet,12776=Carrallanger tablet,12777=Dareeyak tablet,12778=Ghorrock tablet,12779=Kharyrll tablet,12780=Lassar tablet,12781=Paddewwa tablet,12782=Senntisten tablet,19613=Arceuus Library tablet,19615=Draynor Manor tablet,19617=Mind Altar tablet,19619=Salve Graveyard tablet,19621=Fenkenstrain's Castle tablet,19623=West Ardougne tablet,19625=Harmony Island tablet,19627=Cemetery tablet,19629=Barrows tablet,19631=Ape Atoll tablet,19651=Hosidius tablet,21541=Volcanic Mine tablet,22949=Battlefront tablet,23771=Prifddinas tablet,24251=Wilderness Crabs tablet,24949=Moonclan tablet,24951=Ourania tablet,24953=Waterbirth tablet,24955=Barbarian tablet,24957=Khazard tablet,24959=Fishing guild tablet,24961=Catherby tablet,24963=Ice plateau tablet
Teleport scrolls	12402	12402,12403,12404,12405,12406,12407,12408,12409,12410,12411,12642,12938,13249,21389,21802,23387	12402=Nardah teleport,12403=Digsite teleport,12404=Feldip hills teleport,12405=Lunar isle teleport,12406=Mort'ton teleport,12407=Pest control teleport,12408=Piscatoris teleport,12409=Tai bwo wannai teleport,12410=Iorwerth camp teleport,12411=Mos le'harmless teleport,12642=Lumberyard teleport,12938=Zul-andra teleport,13249=Key master teleport,21389=Master scroll book,21802=Revenant cave teleport,23387=Watson teleport
Capes	9780	9780,9781	9780=Crafting cape,9781=Crafting cape
The Construction cape's home teleports, determined by varbit 2187, and teleport inside or outside determined by varbit 4744	9750	9750,9751,9789,9790,9798,9799,9810,9811,9948,9949	9750=Strength cape,9751=Strength cape,9789=Construction cape,9790=Construction cape,9798=Fishing cape,9799=Fishing cape,9810=Farming cape,9811=Farming cape,9948=Hunter cape,9949=Hunter cape
Max capes	9813	9813,13068,13069,13221,13222,13280,13342,19476	9813=Quest point cape,13068=Quest point cape,13069=Achievement diary cape,13221=Music cape,13222=Music cape,13280=Max cape,13342=Max cape,19476=Achievement diary cape
Quest items	4251	4251,4252,6099,6100,6101,6102,9469,13102,19564,23946	4251=Ectophial,4252=Ectophial,6099=Teleport crystal,6100=Teleport crystal,6101=Teleport crystal,6102=Teleport crystal,9469=Grand seed pod,13102=Teleport crystal,19564=Royal seed pod,23946=Eternal teleport crystal
Enchanted lyre - 4493 is DIARY_FREMENNIK_HARD, 4494 is DIARY_FREMENNIK_ELITE	3691	3691,6125,6126,6127,6707,13079,21760,21913,22114,22400,23458,24855,25818	3691=Enchanted lyre,6125=Enchanted lyre,6126=Enchanted lyre,6127=Enchanted lyre,6707=Camulet,13079=Enchanted lyre,21760=Kharedst's memoirs,21913=Mythical cape,22114=Mythical cape,22400=Drakan's medallion,23458=Enchanted lyre (i),24855=Mythical cape,25818=Book of the dead
Stony basalt - 6528 is MAKING_FRIENDS_WITH_MY_ARM and 4493 is DIARY_FREMENNIK_HARD	22599	22599,22601	22599=Icy basalt,22601=Stony basalt
Other	9013	9013,13393,13660,21276,24709,26818,26914,26948,28327,29893	9013=Skull sceptre,13393=Xeric's talisman,13660=Chronicle,21276=Skull sceptre,24709=Hallowed crystal shard,26818=Ring of the elements,26914=Amulet of the eye,26948=Pharaoh's sceptre,28327=Ring of shadows,29893=Pendant of ates
Giantsoul amulet	30638	30638	30638=Giantsoul amulet
Sailors' amulet (Charged)	32399	32399	32399=Sailors' amulet
Cowbell amulet	33104	33104	33104=Cowbell amulet
Teleport spheres (consumed on use; each lands on a random tile inside the destination area, modelled at a central walkable tile)	10972	10972,11060,26577	10972=Dorgesh-kaan sphere,11060=Goblin village sphere,26577=Plain of Mud sphere
Trinket of fairies - Spirit Trees	28564	28564	28564=Trinket of fairies
